{"truthfulqa_gen": {"alias": "truthfulqa_gen", "bleu_max,none": 5.19318360140126, "bleu_max_stderr,none": 0.45226443489735363, "bleu_acc,none": 0.2521419828641371, "bleu_acc_stderr,none": 0.015201522246299962, "bleu_diff,none": 2.082858009783995, "bleu_diff_stderr,none": 0.39973213416334685, "rouge1_max,none": 12.4502086172409, "rouge1_max_stderr,none": 0.7709514125002965, "rouge1_acc,none": 0.2582619339045288, "rouge1_acc_stderr,none": 0.015321821688476196, "rouge1_diff,none": 3.1134721533092313, "rouge1_diff_stderr,none": 0.6227273645215676, "rouge2_max,none": 7.776705421178214, "rouge2_max_stderr,none": 0.6823749529779631, "rouge2_acc,none": 0.1799265605875153, "rouge2_acc_stderr,none": 0.013447109235537562, "rouge2_diff,none": 3.2801453905009965, "rouge2_diff_stderr,none": 0.6501786658553601, "rougeL_max,none": 11.823497849480507, "rougeL_max_stderr,none": 0.7564127965099933, "rougeL_acc,none": 0.26805385556915545, "rougeL_acc_stderr,none": 0.015506204722834564, "rougeL_diff,none": 3.252777797041162, "rougeL_diff_stderr,none": 0.6226437099490598}}