{"truthfulqa_gen": {"alias": "truthfulqa_gen", "bleu_max,none": 26.132693660312114, "bleu_max_stderr,none": 2.107241447815199, "bleu_acc,none": 0.39, "bleu_acc_stderr,none": 0.04902071300001974, "bleu_diff,none": -5.626955703297031, "bleu_diff_stderr,none": 1.9842355866278676, "rouge1_max,none": 52.8063848047437, "rouge1_max_stderr,none": 2.30740570505147, "rouge1_acc,none": 0.35, "rouge1_acc_stderr,none": 0.04793724854411019, "rouge1_diff,none": -4.56275037055448, "rouge1_diff_stderr,none": 2.1811719892258665, "rouge2_max,none": 36.3787272272963, "rouge2_max_stderr,none": 2.602372011699516, "rouge2_acc,none": 0.31, "rouge2_acc_stderr,none": 0.04648231987117316, "rouge2_diff,none": -7.651244932643721, "rouge2_diff_stderr,none": 2.523362609478433, "rougeL_max,none": 50.49233823388935, "rougeL_max_stderr,none": 2.3997488647792204, "rougeL_acc,none": 0.38, "rougeL_acc_stderr,none": 0.04878317312145633, "rougeL_diff,none": -4.243860468575104, "rougeL_diff_stderr,none": 2.225408301242303}}