{"truthfulqa_gen": {"alias": "truthfulqa_gen", "bleu_max,none": 24.88498566944319, "bleu_max_stderr,none": 2.0833688282590317, "bleu_acc,none": 0.35, "bleu_acc_stderr,none": 0.047937248544110196, "bleu_diff,none": -6.174491187215169, "bleu_diff_stderr,none": 1.962153160646895, "rouge1_max,none": 51.146538003700044, "rouge1_max_stderr,none": 2.38968574985316, "rouge1_acc,none": 0.33, "rouge1_acc_stderr,none": 0.04725815626252604, "rouge1_diff,none": -5.700582269561385, "rouge1_diff_stderr,none": 2.177584759300296, "rouge2_max,none": 34.70811884892429, "rouge2_max_stderr,none": 2.6472948214076064, "rouge2_acc,none": 0.26, "rouge2_acc_stderr,none": 0.04408440022768078, "rouge2_diff,none": -8.58667050632303, "rouge2_diff_stderr,none": 2.51132125985928, "rougeL_max,none": 48.25282077558213, "rougeL_max_stderr,none": 2.4634181689001244, "rougeL_acc,none": 0.34, "rougeL_acc_stderr,none": 0.04760952285695235, "rougeL_diff,none": -5.95539432133553, "rougeL_diff_stderr,none": 2.2120816889180785}}