{"truthfulqa_gen": {"alias": "truthfulqa_gen", "bleu_max,none": 25.177063801178168, "bleu_max_stderr,none": 2.08206166504535, "bleu_acc,none": 0.38, "bleu_acc_stderr,none": 0.04878317312145633, "bleu_diff,none": -5.787050016481054, "bleu_diff_stderr,none": 2.010681542775011, "rouge1_max,none": 51.512350959596944, "rouge1_max_stderr,none": 2.4175223355001267, "rouge1_acc,none": 0.35, "rouge1_acc_stderr,none": 0.04793724854411019, "rouge1_diff,none": -5.05303489498197, "rouge1_diff_stderr,none": 2.2734175041810585, "rouge2_max,none": 35.01637031328915, "rouge2_max_stderr,none": 2.612642665327758, "rouge2_acc,none": 0.3, "rouge2_acc_stderr,none": 0.046056618647183814, "rouge2_diff,none": -7.930126064065846, "rouge2_diff_stderr,none": 2.578923864513121, "rougeL_max,none": 48.889406151727144, "rougeL_max_stderr,none": 2.483402631971786, "rougeL_acc,none": 0.39, "rougeL_acc_stderr,none": 0.04902071300001974, "rougeL_diff,none": -4.907936579009562, "rougeL_diff_stderr,none": 2.3133507053437024}}