{"truthfulqa_gen": {"alias": "truthfulqa_gen", "bleu_max,none": 24.514927652581534, "bleu_max_stderr,none": 2.1125347943837127, "bleu_acc,none": 0.35, "bleu_acc_stderr,none": 0.047937248544110196, "bleu_diff,none": -6.717438714110515, "bleu_diff_stderr,none": 1.9157296463773572, "rouge1_max,none": 51.13678743539922, "rouge1_max_stderr,none": 2.430899240690802, "rouge1_acc,none": 0.32, "rouge1_acc_stderr,none": 0.04688261722621504, "rouge1_diff,none": -6.487100749453283, "rouge1_diff_stderr,none": 2.0718555040890907, "rouge2_max,none": 34.02603422127592, "rouge2_max_stderr,none": 2.6850452424984788, "rouge2_acc,none": 0.27, "rouge2_acc_stderr,none": 0.044619604333847394, "rouge2_diff,none": -9.346756604366103, "rouge2_diff_stderr,none": 2.5068183026249, "rougeL_max,none": 48.25916274899572, "rougeL_max_stderr,none": 2.5101328981024897, "rougeL_acc,none": 0.38, "rougeL_acc_stderr,none": 0.04878317312145633, "rougeL_diff,none": -6.262532842959031, "rougeL_diff_stderr,none": 2.120983636748988}}