{"truthfulqa_gen": {"alias": "truthfulqa_gen", "bleu_max,none": 24.55277439878624, "bleu_max_stderr,none": 2.1101018964087666, "bleu_acc,none": 0.34, "bleu_acc_stderr,none": 0.04760952285695235, "bleu_diff,none": -6.695445122886047, "bleu_diff_stderr,none": 1.9149977099684663, "rouge1_max,none": 50.9778543659659, "rouge1_max_stderr,none": 2.475700301312429, "rouge1_acc,none": 0.31, "rouge1_acc_stderr,none": 0.04648231987117316, "rouge1_diff,none": -6.6285440853854265, "rouge1_diff_stderr,none": 2.06726058820648, "rouge2_max,none": 34.234890047232454, "rouge2_max_stderr,none": 2.710052712713309, "rouge2_acc,none": 0.26, "rouge2_acc_stderr,none": 0.04408440022768078, "rouge2_diff,none": -9.397904436822555, "rouge2_diff_stderr,none": 2.4958857204058527, "rougeL_max,none": 48.18064773976306, "rougeL_max_stderr,none": 2.551338934361545, "rougeL_acc,none": 0.37, "rougeL_acc_stderr,none": 0.048523658709391, "rougeL_diff,none": -6.436378631511015, "rougeL_diff_stderr,none": 2.1122251838801027}}