{"truthfulqa_gen": {"alias": "truthfulqa_gen", "bleu_max,none": 25.43165157343729, "bleu_max_stderr,none": 2.1090826858489993, "bleu_acc,none": 0.39, "bleu_acc_stderr,none": 0.04902071300001974, "bleu_diff,none": -5.543669864939244, "bleu_diff_stderr,none": 1.987957938222019, "rouge1_max,none": 51.92463808228558, "rouge1_max_stderr,none": 2.368295237866213, "rouge1_acc,none": 0.36, "rouge1_acc_stderr,none": 0.048241815132442176, "rouge1_diff,none": -4.255335630741396, "rouge1_diff_stderr,none": 2.194942596412502, "rouge2_max,none": 35.5042921495445, "rouge2_max_stderr,none": 2.6268391704865293, "rouge2_acc,none": 0.3, "rouge2_acc_stderr,none": 0.046056618647183814, "rouge2_diff,none": -7.520304741459302, "rouge2_diff_stderr,none": 2.5265460630390537, "rougeL_max,none": 49.63195451370247, "rougeL_max_stderr,none": 2.451691150031779, "rougeL_acc,none": 0.38, "rougeL_acc_stderr,none": 0.04878317312145633, "rougeL_diff,none": -3.9055292260354584, "rougeL_diff_stderr,none": 2.230850840153585}}