{"truthfulqa_gen": {"alias": "truthfulqa_gen", "bleu_max,none": 24.87314229950726, "bleu_max_stderr,none": 2.085214191327131, "bleu_acc,none": 0.36, "bleu_acc_stderr,none": 0.04824181513244218, "bleu_diff,none": -6.3063050754251355, "bleu_diff_stderr,none": 1.9488451346954971, "rouge1_max,none": 51.43165562333564, "rouge1_max_stderr,none": 2.4491970485419414, "rouge1_acc,none": 0.34, "rouge1_acc_stderr,none": 0.04760952285695235, "rouge1_diff,none": -5.175808248487317, "rouge1_diff_stderr,none": 2.1833447287413486, "rouge2_max,none": 35.07361669476753, "rouge2_max_stderr,none": 2.6192472738781687, "rouge2_acc,none": 0.29, "rouge2_acc_stderr,none": 0.045604802157206845, "rouge2_diff,none": -8.500512733947463, "rouge2_diff_stderr,none": 2.511989868784574, "rougeL_max,none": 48.83131316855383, "rougeL_max_stderr,none": 2.5046343267881928, "rougeL_acc,none": 0.38, "rougeL_acc_stderr,none": 0.04878317312145633, "rougeL_diff,none": -5.090219332316667, "rougeL_diff_stderr,none": 2.235811275780845}}