{"truthfulqa_gen": {"alias": "truthfulqa_gen", "bleu_max,none": 24.646293585031827, "bleu_max_stderr,none": 2.105297416479579, "bleu_acc,none": 0.38, "bleu_acc_stderr,none": 0.04878317312145633, "bleu_diff,none": -6.206135298452909, "bleu_diff_stderr,none": 1.9468623639695248, "rouge1_max,none": 51.06163923192987, "rouge1_max_stderr,none": 2.419525190046133, "rouge1_acc,none": 0.35, "rouge1_acc_stderr,none": 0.04793724854411019, "rouge1_diff,none": -5.244284843957005, "rouge1_diff_stderr,none": 2.173061510365412, "rouge2_max,none": 34.31776834173168, "rouge2_max_stderr,none": 2.63765891920185, "rouge2_acc,none": 0.3, "rouge2_acc_stderr,none": 0.046056618647183814, "rouge2_diff,none": -8.340325473766644, "rouge2_diff_stderr,none": 2.5321386543302307, "rougeL_max,none": 48.283985395932014, "rougeL_max_stderr,none": 2.4868586757519395, "rougeL_acc,none": 0.38, "rougeL_acc_stderr,none": 0.04878317312145633, "rougeL_diff,none": -5.261361149062124, "rougeL_diff_stderr,none": 2.219531096226539}}