{"truthfulqa_gen": {"alias": "truthfulqa_gen", "bleu_max,none": 24.726187169655965, "bleu_max_stderr,none": 2.0746265491221116, "bleu_acc,none": 0.37, "bleu_acc_stderr,none": 0.04852365870939099, "bleu_diff,none": -5.554918959553865, "bleu_diff_stderr,none": 1.96334372554194, "rouge1_max,none": 51.17550379941723, "rouge1_max_stderr,none": 2.324845830504299, "rouge1_acc,none": 0.35, "rouge1_acc_stderr,none": 0.04793724854411018, "rouge1_diff,none": -4.813241235725135, "rouge1_diff_stderr,none": 2.1757428370426073, "rouge2_max,none": 34.71720713736013, "rouge2_max_stderr,none": 2.629688121118414, "rouge2_acc,none": 0.28, "rouge2_acc_stderr,none": 0.04512608598542127, "rouge2_diff,none": -7.4452101667629975, "rouge2_diff_stderr,none": 2.4688722454988374, "rougeL_max,none": 48.43238733040123, "rougeL_max_stderr,none": 2.408404375591988, "rougeL_acc,none": 0.35, "rougeL_acc_stderr,none": 0.04793724854411018, "rougeL_diff,none": -5.011275243101098, "rougeL_diff_stderr,none": 2.209546614129395}}