{"truthfulqa_gen": {"alias": "truthfulqa_gen", "bleu_max,none": 25.213193002315602, "bleu_max_stderr,none": 2.089481646130722, "bleu_acc,none": 0.39, "bleu_acc_stderr,none": 0.04902071300001974, "bleu_diff,none": -5.5873188596582875, "bleu_diff_stderr,none": 2.0145189506121204, "rouge1_max,none": 51.783895640214006, "rouge1_max_stderr,none": 2.3909554005284614, "rouge1_acc,none": 0.36, "rouge1_acc_stderr,none": 0.048241815132442176, "rouge1_diff,none": -4.589581699402602, "rouge1_diff_stderr,none": 2.252116084207991, "rouge2_max,none": 35.215652268949974, "rouge2_max_stderr,none": 2.6069925529966254, "rouge2_acc,none": 0.32, "rouge2_acc_stderr,none": 0.04688261722621505, "rouge2_diff,none": -7.600106707474381, "rouge2_diff_stderr,none": 2.5876646384170963, "rougeL_max,none": 49.17963115995845, "rougeL_max_stderr,none": 2.4528511570684857, "rougeL_acc,none": 0.4, "rougeL_acc_stderr,none": 0.049236596391733084, "rougeL_diff,none": -4.433268648765426, "rougeL_diff_stderr,none": 2.2912190823023346}}