{"truthfulqa_gen": {"alias": "truthfulqa_gen", "bleu_max,none": 24.601220124395514, "bleu_max_stderr,none": 2.1139566921182724, "bleu_acc,none": 0.34, "bleu_acc_stderr,none": 0.04760952285695235, "bleu_diff,none": -6.709312052417911, "bleu_diff_stderr,none": 1.9149212336536099, "rouge1_max,none": 51.13103413073287, "rouge1_max_stderr,none": 2.4684165479495204, "rouge1_acc,none": 0.31, "rouge1_acc_stderr,none": 0.04648231987117316, "rouge1_diff,none": -6.567865033478438, "rouge1_diff_stderr,none": 2.067980995771851, "rouge2_max,none": 34.303693455245835, "rouge2_max_stderr,none": 2.708509930388007, "rouge2_acc,none": 0.26, "rouge2_acc_stderr,none": 0.04408440022768078, "rouge2_diff,none": -9.413750278463732, "rouge2_diff_stderr,none": 2.4962703625013463, "rougeL_max,none": 48.330750581453124, "rougeL_max_stderr,none": 2.5449337598702106, "rougeL_acc,none": 0.37, "rougeL_acc_stderr,none": 0.048523658709391, "rougeL_diff,none": -6.378776502680949, "rougeL_diff_stderr,none": 2.113270244812908}}