{"truthfulqa_gen": {"alias": "truthfulqa_gen", "bleu_max,none": 24.845075704072645, "bleu_max_stderr,none": 2.110366055265067, "bleu_acc,none": 0.33, "bleu_acc_stderr,none": 0.047258156262526045, "bleu_diff,none": -6.974778324561912, "bleu_diff_stderr,none": 1.9115275202063082, "rouge1_max,none": 51.02222411386505, "rouge1_max_stderr,none": 2.4788482929189573, "rouge1_acc,none": 0.3, "rouge1_acc_stderr,none": 0.046056618647183814, "rouge1_diff,none": -7.04031468836346, "rouge1_diff_stderr,none": 2.081246911377829, "rouge2_max,none": 34.720626126561214, "rouge2_max_stderr,none": 2.696900647080248, "rouge2_acc,none": 0.26, "rouge2_acc_stderr,none": 0.04408440022768078, "rouge2_diff,none": -9.649452744932987, "rouge2_diff_stderr,none": 2.515520051540804, "rougeL_max,none": 48.30501748766222, "rougeL_max_stderr,none": 2.5535351138919493, "rougeL_acc,none": 0.35, "rougeL_acc_stderr,none": 0.04793724854411018, "rougeL_diff,none": -7.0378860765943125, "rougeL_diff_stderr,none": 2.1228174152658172}}