{"truthfulqa_gen": {"alias": "truthfulqa_gen", "bleu_max,none": 25.35514095411872, "bleu_max_stderr,none": 2.103711373007733, "bleu_acc,none": 0.4, "bleu_acc_stderr,none": 0.049236596391733084, "bleu_diff,none": -5.316308984874826, "bleu_diff_stderr,none": 1.9772100458469157, "rouge1_max,none": 51.7132918774733, "rouge1_max_stderr,none": 2.357127533457967, "rouge1_acc,none": 0.36, "rouge1_acc_stderr,none": 0.048241815132442176, "rouge1_diff,none": -4.363444964564878, "rouge1_diff_stderr,none": 2.1788519380717095, "rouge2_max,none": 35.493569325906066, "rouge2_max_stderr,none": 2.6110306970774397, "rouge2_acc,none": 0.32, "rouge2_acc_stderr,none": 0.04688261722621505, "rouge2_diff,none": -7.233459444888098, "rouge2_diff_stderr,none": 2.516059747964959, "rougeL_max,none": 49.450636061458, "rougeL_max_stderr,none": 2.4429018024076283, "rougeL_acc,none": 0.38, "rougeL_acc_stderr,none": 0.04878317312145633, "rougeL_diff,none": -3.995809810391973, "rougeL_diff_stderr,none": 2.220291639275204}}