{"truthfulqa_gen": {"alias": "truthfulqa_gen", "bleu_max,none": 6.627557936136789, "bleu_max_stderr,none": 0.49532752441737804, "bleu_acc,none": 0.29008567931456547, "bleu_acc_stderr,none": 0.015886236874209522, "bleu_diff,none": 2.353651972407638, "bleu_diff_stderr,none": 0.44046574014551815, "rouge1_max,none": 15.901813035856815, "rouge1_max_stderr,none": 0.8487825955098702, "rouge1_acc,none": 0.28518971848225216, "rouge1_acc_stderr,none": 0.015805827874454892, "rouge1_diff,none": 3.2367333515186836, "rouge1_diff_stderr,none": 0.6994885096874338, "rouge2_max,none": 9.911916453553653, "rouge2_max_stderr,none": 0.7458310500608327, "rouge2_acc,none": 0.200734394124847, "rouge2_acc_stderr,none": 0.014022045717482166, "rouge2_diff,none": 3.7886127325517154, "rouge2_diff_stderr,none": 0.7112270066094962, "rougeL_max,none": 14.890646266642774, "rougeL_max_stderr,none": 0.8228702122136687, "rougeL_acc,none": 0.27906976744186046, "rougeL_acc_stderr,none": 0.015702107090627877, "rougeL_diff,none": 3.3109220299971565, "rougeL_diff_stderr,none": 0.6998551807647695}}