{"wmt16-de-en": {"alias": "wmt16-de-en", "bleu,none": 39.49612403775796, "bleu_stderr,none": 0.4338393844225363, "ter,none": 48.359717550934164, "ter_stderr,none": 0.5264045718784232, "chrf,none": 63.22573197020082, "chrf_stderr,none": 0.3216911472382796}, "command": "Command: evaluate_task.py --model_name llama3-3b --checkpoint_path /models/llama3-3b/ --limit 10000000 --task_name wmt16-de-en --output_path /workspace/results/partinfer_results/wmt16-de-en/results[10000000]/reference.json"}