{"wmt16-de-en": {"alias": "wmt16-de-en", "bleu,none": 3.8549620921400582, "bleu_stderr,none": 0.8000501746011123, "ter,none": 365.86021505376345, "ter_stderr,none": 43.46960433920604, "chrf,none": 26.375135995353254, "chrf_stderr,none": 2.374044495115642}}