{"wmt16-de-en": {"alias": "wmt16-de-en", "bleu,none": 3.2477378976829785, "bleu_stderr,none": 0.6329417058936452, "ter,none": 400.48387096774195, "ter_stderr,none": 53.499085321682365, "chrf,none": 23.670732152904105, "chrf_stderr,none": 2.300604319582322}}