{"wmt16-de-en": {"alias": "wmt16-de-en", "bleu,none": 3.146633316841169, "bleu_stderr,none": 0.5247653121489154, "ter,none": 426.23655913978496, "ter_stderr,none": 46.84512993860806, "chrf,none": 25.469820154539047, "chrf_stderr,none": 1.8347018804115118}}