{"truthfulqa_gen": {"alias": "truthfulqa_gen", "bleu_max,none": 6.446425054992328, "bleu_max_stderr,none": 0.5027485993467171, "bleu_acc,none": 0.2827417380660955, "bleu_acc_stderr,none": 0.01576477083677731, "bleu_diff,none": 2.486743981717037, "bleu_diff_stderr,none": 0.44663172254001743, "rouge1_max,none": 15.24419161105988, "rouge1_max_stderr,none": 0.8479209356743441, "rouge1_acc,none": 0.2876376988984088, "rouge1_acc_stderr,none": 0.01584631510139481, "rouge1_diff,none": 3.345196908464598, "rouge1_diff_stderr,none": 0.7003636192338334, "rouge2_max,none": 9.570848861368118, "rouge2_max_stderr,none": 0.7476263254206564, "rouge2_acc,none": 0.200734394124847, "rouge2_acc_stderr,none": 0.014022045717482154, "rouge2_diff,none": 3.8385020532441545, "rouge2_diff_stderr,none": 0.7144016609048692, "rougeL_max,none": 14.135967074037293, "rougeL_max_stderr,none": 0.8193232812102933, "rougeL_acc,none": 0.28518971848225216, "rougeL_acc_stderr,none": 0.015805827874454895, "rougeL_diff,none": 3.3423092548234243, "rougeL_diff_stderr,none": 0.6984375912986952}}