{"truthfulqa_gen": {"alias": "truthfulqa_gen", "bleu_max,none": 6.333014923942897, "bleu_max_stderr,none": 0.4736116286406825, "bleu_acc,none": 0.25091799265605874, "bleu_acc_stderr,none": 0.015176985027707687, "bleu_diff,none": 1.8704045528648026, "bleu_diff_stderr,none": 0.39874721700682847, "rouge1_max,none": 15.596468126244005, "rouge1_max_stderr,none": 0.8234260775053278, "rouge1_acc,none": 0.2766217870257038, "rouge1_acc_stderr,none": 0.015659605755326923, "rouge1_diff,none": 2.8717652230760873, "rouge1_diff_stderr,none": 0.6367876861475248, "rouge2_max,none": 9.583000796570035, "rouge2_max_stderr,none": 0.7243922595146821, "rouge2_acc,none": 0.19583843329253367, "rouge2_acc_stderr,none": 0.013892344367742084, "rouge2_diff,none": 3.139015890807947, "rouge2_diff_stderr,none": 0.6546503084218457, "rougeL_max,none": 14.578911508339123, "rougeL_max_stderr,none": 0.7939294701617657, "rougeL_acc,none": 0.2729498164014688, "rougeL_acc_stderr,none": 0.01559475363200652, "rougeL_diff,none": 2.9384664898570962, "rougeL_diff_stderr,none": 0.638398695697928}}