{"truthfulqa_gen": {"alias": "truthfulqa_gen", "bleu_max,none": 3.67589240216246, "bleu_max_stderr,none": 0.37267225786474495, "bleu_acc,none": 0.23745410036719705, "bleu_acc_stderr,none": 0.014896277441041857, "bleu_diff,none": 1.3059251475035667, "bleu_diff_stderr,none": 0.3378473921448738, "rouge1_max,none": 9.308922518664431, "rouge1_max_stderr,none": 0.6668857342881135, "rouge1_acc,none": 0.2350061199510404, "rouge1_acc_stderr,none": 0.014843061507731618, "rouge1_diff,none": 1.8008972695084562, "rouge1_diff_stderr,none": 0.5293028017796872, "rouge2_max,none": 5.414191089513799, "rouge2_max_stderr,none": 0.5722978369178999, "rouge2_acc,none": 0.15422276621787026, "rouge2_acc_stderr,none": 0.01264320443478918, "rouge2_diff,none": 2.00793222123882, "rouge2_diff_stderr,none": 0.5456674472598789, "rougeL_max,none": 8.641839290859489, "rougeL_max_stderr,none": 0.6446606928028372, "rougeL_acc,none": 0.23990208078335373, "rougeL_acc_stderr,none": 0.01494881267906214, "rougeL_diff,none": 1.7793579030820308, "rougeL_diff_stderr,none": 0.5270809740135529}}