{"truthfulqa_gen": {"alias": "truthfulqa_gen", "bleu_max,none": 25.221781196998926, "bleu_max_stderr,none": 0.758122130426949, "bleu_acc,none": 0.27539779681762544, "bleu_acc_stderr,none": 0.015638135667775523, "bleu_diff,none": -7.415881662259348, "bleu_diff_stderr,none": 0.7558327447642318, "rouge1_max,none": 49.698040232073424, "rouge1_max_stderr,none": 0.9263356050873321, "rouge1_acc,none": 0.2594859241126071, "rouge1_acc_stderr,none": 0.015345409485558, "rouge1_diff,none": -9.412143996245993, "rouge1_diff_stderr,none": 0.8233503237211017, "rouge2_max,none": 34.388802519249154, "rouge2_max_stderr,none": 0.9753189429125332, "rouge2_acc,none": 0.2215422276621787, "rouge2_acc_stderr,none": 0.014537867601301139, "rouge2_diff,none": -11.156078244334308, "rouge2_diff_stderr,none": 0.9860158846244571, "rougeL_max,none": 46.868829015505455, "rougeL_max_stderr,none": 0.9207239407385699, "rougeL_acc,none": 0.2631578947368421, "rougeL_acc_stderr,none": 0.015415241740236996, "rougeL_diff,none": -9.570634526359617, "rougeL_diff_stderr,none": 0.8412355959178144}}