{
    "truthfulqa_gen": {
        "alias": "truthfulqa_gen",
        "bleu_max,none": 3.854937898485412,
        "bleu_max_stderr,none": 1.0047765412180132,
        "bleu_acc,none": 0.24,
        "bleu_acc_stderr,none": 0.0429234695990928,
        "bleu_diff,none": 1.2259232658394235,
        "bleu_diff_stderr,none": 1.0845300601749694,
        "rouge1_max,none": 10.60915993624229,
        "rouge1_max_stderr,none": 1.889590092373009,
        "rouge1_acc,none": 0.23,
        "rouge1_acc_stderr,none": 0.042295258468165065,
        "rouge1_diff,none": 2.0696920725826953,
        "rouge1_diff_stderr,none": 1.8233241036486576,
        "rouge2_max,none": 5.337557213376856,
        "rouge2_max_stderr,none": 1.532828612055018,
        "rouge2_acc,none": 0.15,
        "rouge2_acc_stderr,none": 0.0358870281282637,
        "rouge2_diff,none": 2.006978821443494,
        "rouge2_diff_stderr,none": 1.6550929571276423,
        "rougeL_max,none": 9.588724090855042,
        "rougeL_max_stderr,none": 1.7977393571163482,
        "rougeL_acc,none": 0.24,
        "rougeL_acc_stderr,none": 0.0429234695990928,
        "rougeL_diff,none": 2.241274670868479,
        "rougeL_diff_stderr,none": 1.7765150305193305
    }
}