{
    "truthfulqa_gen": {
        "alias": "truthfulqa_gen",
        "bleu_max,none": 4.199994959126945,
        "bleu_max_stderr,none": 1.1691311822772907,
        "bleu_acc,none": 0.29,
        "bleu_acc_stderr,none": 0.045604802157206845,
        "bleu_diff,none": 2.326328873352957,
        "bleu_diff_stderr,none": 1.2175088197711625,
        "rouge1_max,none": 9.443615466187948,
        "rouge1_max_stderr,none": 1.9648641610099271,
        "rouge1_acc,none": 0.25,
        "rouge1_acc_stderr,none": 0.04351941398892446,
        "rouge1_diff,none": 2.6639154807568706,
        "rouge1_diff_stderr,none": 1.8274616783796123,
        "rouge2_max,none": 5.560305629066331,
        "rouge2_max_stderr,none": 1.7542310300316646,
        "rouge2_acc,none": 0.19,
        "rouge2_acc_stderr,none": 0.03942772444036624,
        "rouge2_diff,none": 3.650660324023257,
        "rouge2_diff_stderr,none": 1.8448493153748564,
        "rougeL_max,none": 8.969405390011026,
        "rougeL_max_stderr,none": 1.9322087991506511,
        "rougeL_acc,none": 0.28,
        "rougeL_acc_stderr,none": 0.04512608598542127,
        "rougeL_diff,none": 3.1948194057966193,
        "rougeL_diff_stderr,none": 1.7736514310038018
    }
}