{
    "truthfulqa_gen": {
        "alias": "truthfulqa_gen",
        "bleu_max,none": 4.72795567406391,
        "bleu_max_stderr,none": 1.3029335315763069,
        "bleu_acc,none": 0.22,
        "bleu_acc_stderr,none": 0.04163331998932268,
        "bleu_diff,none": 2.2389256011440453,
        "bleu_diff_stderr,none": 1.353383014736676,
        "rouge1_max,none": 10.587049440623305,
        "rouge1_max_stderr,none": 2.0949009469999167,
        "rouge1_acc,none": 0.22,
        "rouge1_acc_stderr,none": 0.04163331998932269,
        "rouge1_diff,none": 3.1490798414355163,
        "rouge1_diff_stderr,none": 2.02436328304242,
        "rouge2_max,none": 6.545606838977966,
        "rouge2_max_stderr,none": 1.9089500858447288,
        "rouge2_acc,none": 0.16,
        "rouge2_acc_stderr,none": 0.03684529491774708,
        "rouge2_diff,none": 3.665978884630444,
        "rouge2_diff_stderr,none": 2.0337455549595673,
        "rougeL_max,none": 9.97046343007874,
        "rougeL_max_stderr,none": 2.0595136021998433,
        "rougeL_acc,none": 0.25,
        "rougeL_acc_stderr,none": 0.04351941398892446,
        "rougeL_diff,none": 3.4281244238039155,
        "rougeL_diff_stderr,none": 1.9959631270426486
    }
}