{
    "truthfulqa_gen": {
        "alias": "truthfulqa_gen",
        "bleu_max,none": 3.2647845205070847,
        "bleu_max_stderr,none": 0.8681193682432214,
        "bleu_acc,none": 0.22,
        "bleu_acc_stderr,none": 0.04163331998932267,
        "bleu_diff,none": 0.609906316478569,
        "bleu_diff_stderr,none": 0.9444635457467954,
        "rouge1_max,none": 9.19537250661697,
        "rouge1_max_stderr,none": 1.7372949157559603,
        "rouge1_acc,none": 0.21,
        "rouge1_acc_stderr,none": 0.04093601807403325,
        "rouge1_diff,none": 0.37952775276402967,
        "rouge1_diff_stderr,none": 1.5268516001819101,
        "rouge2_max,none": 4.6693427497557005,
        "rouge2_max_stderr,none": 1.3838453801173811,
        "rouge2_acc,none": 0.15,
        "rouge2_acc_stderr,none": 0.03588702812826369,
        "rouge2_diff,none": 0.9069930153911386,
        "rouge2_diff_stderr,none": 1.5004195891659458,
        "rougeL_max,none": 8.279213176567811,
        "rougeL_max_stderr,none": 1.6362880517788956,
        "rougeL_acc,none": 0.21,
        "rougeL_acc_stderr,none": 0.040936018074033256,
        "rougeL_diff,none": 0.6019524170268085,
        "rougeL_diff_stderr,none": 1.5138731685752194
    }
}