{"truthfulqa_gen": {"alias": "truthfulqa_gen", "bleu_max,none": 25.648910510452723, "bleu_max_stderr,none": 0.7627793369723522, "bleu_acc,none": 0.28886168910648713, "bleu_acc_stderr,none": 0.015866346401384315, "bleu_diff,none": -6.982324610732647, "bleu_diff_stderr,none": 0.7543188144439371, "rouge1_max,none": 50.29884821197032, "rouge1_max_stderr,none": 0.9171258567025431, "rouge1_acc,none": 0.26193390452876375, "rouge1_acc_stderr,none": 0.015392118805015037, "rouge1_diff,none": -8.898933530295793, "rouge1_diff_stderr,none": 0.8242195047259293, "rouge2_max,none": 35.09217454509831, "rouge2_max_stderr,none": 0.9764252810028885, "rouge2_acc,none": 0.22766217870257038, "rouge2_acc_stderr,none": 0.01467925503211107, "rouge2_diff,none": -10.705726149456833, "rouge2_diff_stderr,none": 0.9814725320965084, "rougeL_max,none": 47.65126238938135, "rougeL_max_stderr,none": 0.9158567999587325, "rougeL_acc,none": 0.2717258261933905, "rougeL_acc_stderr,none": 0.015572840452875823, "rougeL_diff,none": -8.827916582286171, "rougeL_diff_stderr,none": 0.8420353525570679}}