{"wmt16-ro-en": {"alias": "wmt16-ro-en", "bleu,none": 37.5134590657662, "bleu_stderr,none": 0.5204994658377845, "ter,none": 51.03317084769944, "ter_stderr,none": 0.5001673980659957, "chrf,none": 62.24882895637456, "chrf_stderr,none": 0.32705530465399774}, "command": "Command: evaluate_task.py --model_name llama3-3b --checkpoint_path /models/llama3-3b/ --limit 10000000 --task_name wmt16-ro-en --output_path /workspace/results/partinfer_results/wmt16-ro-en/results[10000000]/reference.json"}