{"truthfulqa_gen": {"alias": "truthfulqa_gen", "bleu_max,none": 6.157867162302872, "bleu_max_stderr,none": 0.4974145424415812, "bleu_acc,none": 0.26805385556915545, "bleu_acc_stderr,none": 0.015506204722834564, "bleu_diff,none": 2.479089041936592, "bleu_diff_stderr,none": 0.4605745943877363, "rouge1_max,none": 14.032744220246439, "rouge1_max_stderr,none": 0.8323584526991702, "rouge1_acc,none": 0.26560587515299877, "rouge1_acc_stderr,none": 0.015461027627253595, "rouge1_diff,none": 3.403444270512046, "rouge1_diff_stderr,none": 0.7086086727854518, "rouge2_max,none": 9.016954433856194, "rouge2_max_stderr,none": 0.7447549165968745, "rouge2_acc,none": 0.18604651162790697, "rouge2_acc_stderr,none": 0.013622771770442051, "rouge2_diff,none": 3.9171082001905586, "rouge2_diff_stderr,none": 0.7370293846653317, "rougeL_max,none": 13.351996525662534, "rougeL_max_stderr,none": 0.8161824671762843, "rougeL_acc,none": 0.25458996328029376, "rougeL_acc_stderr,none": 0.01525011707915647, "rougeL_diff,none": 3.5566337969358743, "rougeL_diff_stderr,none": 0.7133439135834486}}