{"truthfulqa_gen": {"alias": "truthfulqa_gen", "bleu_max,none": 4.085850811076986, "bleu_max_stderr,none": 1.2186658302341662, "bleu_acc,none": 0.26, "bleu_acc_stderr,none": 0.04408440022768078, "bleu_diff,none": 2.072513149309625, "bleu_diff_stderr,none": 1.186942101864997, "rouge1_max,none": 9.333676916011475, "rouge1_max_stderr,none": 2.038996271352327, "rouge1_acc,none": 0.25, "rouge1_acc_stderr,none": 0.04351941398892446, "rouge1_diff,none": 2.611892483250535, "rouge1_diff_stderr,none": 1.7998253085076203, "rouge2_max,none": 5.775829052352968, "rouge2_max_stderr,none": 1.787946161857968, "rouge2_acc,none": 0.18, "rouge2_acc_stderr,none": 0.038612291966536934, "rouge2_diff,none": 2.8956156792731123, "rouge2_diff_stderr,none": 1.8780248865463491, "rougeL_max,none": 8.73117988099019, "rougeL_max_stderr,none": 1.9880331488708838, "rougeL_acc,none": 0.26, "rougeL_acc_stderr,none": 0.04408440022768079, "rougeL_diff,none": 2.784469808321487, "rougeL_diff_stderr,none": 1.7639857490844038}}