{"truthfulqa_gen": {"alias": "truthfulqa_gen", "bleu_max,none": 5.066016175748548, "bleu_max_stderr,none": 1.3623351225406382, "bleu_acc,none": 0.23, "bleu_acc_stderr,none": 0.042295258468165065, "bleu_diff,none": 3.0781660751408357, "bleu_diff_stderr,none": 1.2758118432983143, "rouge1_max,none": 10.993696472596532, "rouge1_max_stderr,none": 2.241563200539203, "rouge1_acc,none": 0.24, "rouge1_acc_stderr,none": 0.042923469599092816, "rouge1_diff,none": 4.195296850250333, "rouge1_diff_stderr,none": 1.9358896703956812, "rouge2_max,none": 7.1417062070158215, "rouge2_max_stderr,none": 1.9920217958023663, "rouge2_acc,none": 0.18, "rouge2_acc_stderr,none": 0.03861229196653694, "rouge2_diff,none": 4.495764965285351, "rouge2_diff_stderr,none": 1.9891001907165289, "rougeL_max,none": 10.469059186437276, "rougeL_max_stderr,none": 2.2086809183827123, "rougeL_acc,none": 0.27, "rougeL_acc_stderr,none": 0.04461960433384739, "rougeL_diff,none": 4.52452172861567, "rougeL_diff_stderr,none": 1.910911897237148}}