{"truthfulqa_gen": {"alias": "truthfulqa_gen", "bleu_max,none": 4.818266311355319, "bleu_max_stderr,none": 1.3006071957935306, "bleu_acc,none": 0.27, "bleu_acc_stderr,none": 0.04461960433384739, "bleu_diff,none": 2.5909211691714438, "bleu_diff_stderr,none": 1.2569433372519043, "rouge1_max,none": 10.886144688718204, "rouge1_max_stderr,none": 2.270158631286365, "rouge1_acc,none": 0.28, "rouge1_acc_stderr,none": 0.04512608598542128, "rouge1_diff,none": 4.0980414922575745, "rouge1_diff_stderr,none": 1.96228503921215, "rouge2_max,none": 7.196959340419284, "rouge2_max_stderr,none": 1.999016747983473, "rouge2_acc,none": 0.19, "rouge2_acc_stderr,none": 0.03942772444036625, "rouge2_diff,none": 4.350700119931223, "rouge2_diff_stderr,none": 2.052490977134935, "rougeL_max,none": 10.488572180162429, "rougeL_max_stderr,none": 2.2324696840244354, "rougeL_acc,none": 0.28, "rougeL_acc_stderr,none": 0.04512608598542128, "rougeL_diff,none": 4.413775688916407, "rougeL_diff_stderr,none": 1.9624759563579477}}