{"truthfulqa_gen": {"alias": "truthfulqa_gen", "bleu_max,none": 3.462699875409468, "bleu_max_stderr,none": 1.0430163672985855, "bleu_acc,none": 0.23, "bleu_acc_stderr,none": 0.042295258468165065, "bleu_diff,none": 1.7094955454249992, "bleu_diff_stderr,none": 0.9972566074214889, "rouge1_max,none": 9.430101819046072, "rouge1_max_stderr,none": 1.9052168707913997, "rouge1_acc,none": 0.25, "rouge1_acc_stderr,none": 0.04351941398892446, "rouge1_diff,none": 2.3630184786933164, "rouge1_diff_stderr,none": 1.5684240344352567, "rouge2_max,none": 4.6270481910941985, "rouge2_max_stderr,none": 1.586476947371373, "rouge2_acc,none": 0.17, "rouge2_acc_stderr,none": 0.0377525168068637, "rouge2_diff,none": 2.6552682727683994, "rouge2_diff_stderr,none": 1.602522794837355, "rougeL_max,none": 8.47099313058416, "rougeL_max_stderr,none": 1.8190886425650852, "rougeL_acc,none": 0.28, "rougeL_acc_stderr,none": 0.04512608598542128, "rougeL_diff,none": 2.3953392457128064, "rougeL_diff_stderr,none": 1.5227488835096747}}