{"truthfulqa_gen": {"alias": "truthfulqa_gen", "bleu_max,none": 4.5022712701569585, "bleu_max_stderr,none": 1.337623351993429, "bleu_acc,none": 0.27, "bleu_acc_stderr,none": 0.044619604333847394, "bleu_diff,none": 2.572944046377628, "bleu_diff_stderr,none": 1.2756327114623371, "rouge1_max,none": 10.839534562688058, "rouge1_max_stderr,none": 2.176670866019711, "rouge1_acc,none": 0.23, "rouge1_acc_stderr,none": 0.042295258468165065, "rouge1_diff,none": 3.191562832717466, "rouge1_diff_stderr,none": 1.9374480555830633, "rouge2_max,none": 6.332893757873879, "rouge2_max_stderr,none": 1.947980248394447, "rouge2_acc,none": 0.17, "rouge2_acc_stderr,none": 0.0377525168068637, "rouge2_diff,none": 3.579102592046376, "rouge2_diff_stderr,none": 1.9887380758469977, "rougeL_max,none": 9.9554414662671, "rougeL_max_stderr,none": 2.1186944310122806, "rougeL_acc,none": 0.26, "rougeL_acc_stderr,none": 0.04408440022768078, "rougeL_diff,none": 3.531406838539918, "rougeL_diff_stderr,none": 1.9405833926287008}}