{"truthfulqa_gen": {"alias": "truthfulqa_gen", "bleu_max,none": 2.5156036863325557, "bleu_max_stderr,none": 0.7084555501486898, "bleu_acc,none": 0.2, "bleu_acc_stderr,none": 0.04020151261036847, "bleu_diff,none": 0.6603989818579258, "bleu_diff_stderr,none": 0.63580433718533, "rouge1_max,none": 7.7792343941113264, "rouge1_max_stderr,none": 1.5396126312118636, "rouge1_acc,none": 0.22, "rouge1_acc_stderr,none": 0.04163331998932269, "rouge1_diff,none": 0.6991000768629312, "rouge1_diff_stderr,none": 1.1558990714035504, "rouge2_max,none": 3.3150604359813207, "rouge2_max_stderr,none": 1.142031645320172, "rouge2_acc,none": 0.13, "rouge2_acc_stderr,none": 0.03379976689896309, "rouge2_diff,none": 0.7207139860054247, "rouge2_diff_stderr,none": 1.1082381111467137, "rougeL_max,none": 7.13642548382255, "rougeL_max_stderr,none": 1.4494163501108512, "rougeL_acc,none": 0.24, "rougeL_acc_stderr,none": 0.042923469599092816, "rougeL_diff,none": 1.1390625912428285, "rougeL_diff_stderr,none": 1.134983529499583}}