{"truthfulqa_gen": {"alias": "truthfulqa_gen", "bleu_max,none": 3.4472795225883717, "bleu_max_stderr,none": 0.9233791518135199, "bleu_acc,none": 0.22, "bleu_acc_stderr,none": 0.04163331998932267, "bleu_diff,none": 1.089949562654468, "bleu_diff_stderr,none": 0.9091655583672835, "rouge1_max,none": 9.838343016947157, "rouge1_max_stderr,none": 1.8314797958193467, "rouge1_acc,none": 0.22, "rouge1_acc_stderr,none": 0.041633319989322674, "rouge1_diff,none": 0.8184550256110462, "rouge1_diff_stderr,none": 1.3725166862619314, "rouge2_max,none": 4.686974215956286, "rouge2_max_stderr,none": 1.4214561324475543, "rouge2_acc,none": 0.13, "rouge2_acc_stderr,none": 0.0337997668989631, "rouge2_diff,none": 1.235397330934707, "rouge2_diff_stderr,none": 1.4773073681295035, "rougeL_max,none": 8.90397726414314, "rougeL_max_stderr,none": 1.715116571072071, "rougeL_acc,none": 0.24, "rougeL_acc_stderr,none": 0.042923469599092816, "rougeL_diff,none": 1.180499270919289, "rougeL_diff_stderr,none": 1.3311957441575466}}