{"truthfulqa_gen": {"alias": "truthfulqa_gen", "bleu_max,none": 3.4906438796843013, "bleu_max_stderr,none": 0.993360131231387, "bleu_acc,none": 0.23, "bleu_acc_stderr,none": 0.042295258468165065, "bleu_diff,none": 2.048763695561005, "bleu_diff_stderr,none": 0.8685023589759394, "rouge1_max,none": 8.940592590087649, "rouge1_max_stderr,none": 1.8968443204942844, "rouge1_acc,none": 0.23, "rouge1_acc_stderr,none": 0.04229525846816506, "rouge1_diff,none": 2.2007162960539723, "rouge1_diff_stderr,none": 1.5166937288699711, "rouge2_max,none": 4.792074066649836, "rouge2_max_stderr,none": 1.5625857551643791, "rouge2_acc,none": 0.15, "rouge2_acc_stderr,none": 0.03588702812826371, "rouge2_diff,none": 3.1482001120272134, "rouge2_diff_stderr,none": 1.4786750522005037, "rougeL_max,none": 8.25341463979934, "rougeL_max_stderr,none": 1.8056915905411, "rougeL_acc,none": 0.26, "rougeL_acc_stderr,none": 0.04408440022768079, "rougeL_diff,none": 2.8727550111296463, "rougeL_diff_stderr,none": 1.4310482740346422}}