{"truthfulqa_gen": {"alias": "truthfulqa_gen", "bleu_max,none": 4.129951504154269, "bleu_max_stderr,none": 1.1438866269583114, "bleu_acc,none": 0.28, "bleu_acc_stderr,none": 0.04512608598542129, "bleu_diff,none": 1.4708343746372368, "bleu_diff_stderr,none": 1.2167390867670789, "rouge1_max,none": 10.554881725526903, "rouge1_max_stderr,none": 2.048505630250579, "rouge1_acc,none": 0.25, "rouge1_acc_stderr,none": 0.04351941398892446, "rouge1_diff,none": 2.2294824210243642, "rouge1_diff_stderr,none": 1.8710324898737523, "rouge2_max,none": 5.591566509561172, "rouge2_max_stderr,none": 1.7679823366094607, "rouge2_acc,none": 0.16, "rouge2_acc_stderr,none": 0.03684529491774709, "rouge2_diff,none": 2.230279657701953, "rouge2_diff_stderr,none": 1.8905363560912014, "rougeL_max,none": 9.630377813191854, "rougeL_max_stderr,none": 1.9674423769518465, "rougeL_acc,none": 0.25, "rougeL_acc_stderr,none": 0.04351941398892446, "rougeL_diff,none": 2.2984126688247297, "rougeL_diff_stderr,none": 1.8529056914870115}}