{"wmt16-de-en": {"alias": "wmt16-de-en", "bleu,none": 4.488301895536, "bleu_stderr,none": 0.9407531543243073, "ter,none": 297.47311827956986, "ter_stderr,none": 40.899078012147605, "chrf,none": 30.766216337035328, "chrf_stderr,none": 2.374568983656493}}